"53","2","3","4","5","6","7","8","9","10","11","12","13","14","15","16","17","18","19","20","21","22","23","24","25","26","27","28","29","30","31","32","33","34","35","36","37","38","39","40","41","42","43","44","45","21","23","48","49","50","51","52","53"
"nb","nb","od","thickness","hub-x","hub-a","thd thk","lapped thk","wn thk","lapped id","rf dia","rf height","rtj rf dia","rtj rf height","ring no","dist betwn flgs","socket depth","nb","pcd","no of bolts","bolt size unc","c bolt length","rf sb length","rtj sb len","hole size","iso sb size","wn kg","so kg","bld kg","spa","nb","so bore","hub rad","lapped rad","bld thk","rtj pitch dia","rtj depth","rtj width","rtj root rad","bolts wt rf","bolts wt rtj","long neck id","long neck od","weld flat","lapped tk","0","0","holes","dia","37.5*","23*","Stub-End see Buttwelded Fittings","As Required"
"0+1/4","8","N/A","N/A","N/A","13.7","N/A","N/A","N/A","N/A","N/A","N/A","N/A","N/A","N/A","N/A","N/A","N/A","N/A","N/A","N/A","N/A","N/A","N/A","N/A","N/A","N/A","N/A","N/A","N/A","0+1/4","N/A","N/A","N/A","N/A","N/A","N/A","N/A","N/A","N/A","N/A","N/A","N/A","N/A","N/A","0","0","holes","dia","37.5*","23*","Stub-End see Buttwelded Fittings","As Required"
"0+3/8","10","N/A","N/A","N/A","17.1","N/A","N/A","N/A","N/A","N/A","N/A","N/A","N/A","N/A","N/A","N/A","N/A","N/A","N/A","N/A","N/A","N/A","N/A","N/A","N/A","N/A","N/A","N/A","N/A","0+3/8","N/A","N/A","N/A","N/A","N/A","N/A","N/A","N/A","N/A","N/A","N/A","N/A","N/A","N/A","0","0","holes","dia","37.5*","23*","Stub-End see Buttwelded Fittings","As Required"
"0+1/2","15","95","14.3","38","21.3","22","22","52","22.9","34.9","7","51","5.54","11","3","N/A","0+1/2","66.7","4","0+1/2","","75","75","15.875","14","1.5","1.3","1.5","","0+1/2","22.2","22.225","3.175","14.3","34.14","5.54","7.14","","0.54","0.54","N/A","N/A","1.6","14.3","59","57.54","holes","dia","37.5*","23*","Stub-End see Buttwelded Fittings","As Required"
"0+3/4","20","115","15.9","48","26.7","25","25","57","28.2","42.9","7","63.5","6.35","13","4","N/A","0+3/4","82.6","4","0+5/8","","90","90","19.05","16","1.8","1.5","1.5","","0+3/4","27.7","27.78125","3.175","15.9","42.88","6.35","8.74","","0.79","0.79","N/A","N/A","1.6","15.9","64","63.35","holes","dia","37.5*","23*","Stub-End see Buttwelded Fittings","As Required"
"1","25","125","17.5","54","33.4","27","27","62","34.9","50.8","7","70","6.35","16","4","N/A","1","88.9","4","0+5/8","","90","90","19.05","16","1.8","1.8","1.8","","1","34.5","34.13125","3.175","17.5","50.8","6.35","8.74","","0.79","0.79","N/A","N/A","1.6","17.5","69","68.35","holes","dia","37.5*","23*","Stub-End see Buttwelded Fittings","As Required"
"1+1/4","32","135","20.7","64","42.2","29","29","67","43.7","63.5","7","79.5","6.35","18","4","N/A","1+1/4","98.4","4","0+5/8","","95","95","19.05","16","2.7","2.3","2.3","","1+1/4","43.2","42.8625","4.7625","20.7","60.33","6.35","8.74","","0.82","0.82","N/A","N/A","1.6","20.7","74","73.35","holes","dia","37.5*","23*","Stub-End see Buttwelded Fittings","As Required"
"1+1/2","40","155","22.3","70","48.3","32","32","70","50","73","7","90.5","6.35","20","4","N/A","1+1/2","114.3","4","0+3/4","","110","110","22.225","20","3.7","3.2","3.7","","1+1/2","49.5","49.2125","6.35","22.3","68.27","6.35","8.74","","1.54","1.54","N/A","N/A","1.6","22.3","77","76.35","holes","dia","37.5*","23*","Stub-End see Buttwelded Fittings","As Required"
"2","50","165","25.4","84","60.3","37","37","73","62.5","92.1","7","108","7.92","23","5","N/A","2","127","8","0+5/8","","110","110","19.05","16","5.5","4.1","4.6","","2","61.9","61.9125","7.9375","25.4","82.55","7.92","11.9","","1.8","1.8","N/A","N/A","1.6","25.4","80","80.92","holes","dia","37.5*","23*","Stub-End see Buttwelded Fittings","As Required"
"2+1/2","65","190","28.6","100","73","41","41","79","75.4","104.8","7","127","7.92","26","5","N/A","2+1/2","149.2","8","0+3/4","","120","120","22.225","20","8.2","5.9","6.8","","2+1/2","74.6","74.6125","7.9375","28.6","101.6","7.92","11.9","","3.24","3.24","N/A","N/A","1.6","28.6","86","86.92","holes","dia","37.5*","23*","Stub-End see Buttwelded Fittings","As Required"
"3","80","210","31.8","117","88.9","46","46","83","91.4","127","7","146","7.92","31","5","N/A","3","168.3","8","0+3/4","","125","125","22.225","20","10.5","7.3","9.1","","3","90.7","90.4875","10.31875","31.8","123.83","7.92","11.9","","3.32","3.32","N/A","N/A","1.6","31.8","90","90.92","holes","dia","37.5*","23*","Stub-End see Buttwelded Fittings","As Required"
"3+1/2","90","230","35","133","101.6","49","49","86","104.1","N/A","7","159","7.92","34","5","N/A","3+1/2","184.2","8","0+7/8","","140","140","25.4","24","11.8","9.6","13.2","","3+1/2","103.4","103.1875","10.31875","35","131.78","7.92","11.9","","5.52","5.52","N/A","N/A","1.6","35","93","93.92","holes","dia","37.5*","23*","Stub-End see Buttwelded Fittings","As Required"
"4","100","255","35","146","114.3","51","51","89","116.8","157.2","7","175","7.92","37","6","N/A","4","200","8","0+7/8","","140","140","25.4","24","16","11.8","15","","4","116.1","115.8875","11.1125","35","149.23","7.92","11.91","0.8","5.52","5.52","N/A","N/A","1.6","35","96","96.92","holes","dia","37.5*","23*","Stub-End see Buttwelded Fittings","As Required"
"5","130","280","38.1","178","141.3","54","54","102","144.5","185.7","7","210","7.92","41","6","N/A","5","235","8","0+7/8","","145","145","25.4","24","20","14.1","20","","5","143.8","143.66875","11.1125","38.1","180.98","7.92","11.91","0.8","5.64","5.64","N/A","N/A","1.6","38.1","109","109.92","holes","dia","37.5*","23*","Stub-End see Buttwelded Fittings","As Required"
"6","150","320","41.3","206","168.3","57","57","103","171.4","215.9","7","241","7.92","45","6","N/A","6","269.9","12","0+7/8","","150","150","25.4","24","26","20","28","","6","170.7","170.65625","12.7","41.3","211.12","7.92","11.91","0.8","8.65","8.65","N/A","N/A","1.6","41.3","110","110.92","holes","dia","37.5*","23*","Stub-End see Buttwelded Fittings","As Required"
"8","200","380","47.7","260","219.1","68","68","117","222.2","269.9","7","302","7.92","49","6","N/A","8","330","12","1","","170","170","28.575","27","41","31","46","","8","221.5","221.45625","12.7","47.7","269.88","7.92","11.91","0.8","12.65","12.65","N/A","N/A","1.6","47.7","124","124.92","holes","dia","37.5*","23*","Stub-End see Buttwelded Fittings","As Required"
"10","250","445","54","321","273","73","102","124","277.4","323.8","7","356","7.92","53","6","N/A","10","387.4","16","1+1/8","","190","190","31.75","30","57","42","71","","10","276.2","276.225","12.7","54","323.85","7.92","11.91","0.8","23.26","23.26","N/A","N/A","1.6","54","131","131.92","holes","dia","37.5*","23*","Stub-End see Buttwelded Fittings","As Required"
"12","300","520","57.2","375","323.8","79","108","137","328.2","381","7","413","7.92","57","6","N/A","12","450.8","16","1+1/4","","205","205","34.925","33","80","59","102","","12","327","427.0375","12.7","57.2","381","7.92","11.91","0.8","30.35","30.35","N/A","N/A","1.6","57.2","144","144.92","holes","dia","37.5*","23*","Stub-End see Buttwelded Fittings","As Required"
"14","350","585","60.4","425","355.6","84","117","149","360.2","412.8","7","457","7.92","61","6","N/A","14","514.4","20","1+1/4","","210","210","34.925","33","105","82","132","","14","359.2","359.56875","12.7","60.4","419.1","7.92","11.91","0.8","38.51","38.51","N/A","N/A","1.6","60.4","156","156.92","holes","dia","37.5*","23*","Stub-End see Buttwelded Fittings","As Required"
"16","400","650","63.5","483","406.4","94","127","152","411.2","469.9","7","508","7.92","65","6","N/A","16","571.5","20","1+3/8","","220","220","38.1","36","134","107","168","","16","410.5","410.36875","12.7","63.5","469.9","7.92","11.91","0.8","50.38","50.38","N/A","N/A","1.6","63.5","159","159.92","holes","dia","37.5*","23*","Stub-End see Buttwelded Fittings","As Required"
"18","450","710","66.7","533","457","98","137","165","462.3","533.4","7","575","7.92","69","6","N/A","18","628.6","24","1+3/8","","230","230","38.1","36","160","130","207","","18","461.8","461.9625","12.7","66.7","533.4","7.92","11.91","0.8","62.15","62.15","N/A","N/A","1.6","66.7","172","172.92","holes","dia","37.5*","23*","Stub-End see Buttwelded Fittings","As Required"
"20","500","775","69.9","587","508","102","146","168","514.4","584.2","7","635","9.53","73","6","N/A","20","685.8","24","1+1/2","","240","250","41.275","39","194","157","266","","20","513.1","512.7625","12.7","69.9","584.2","9.53","13.49","1.5","78.11","80.13","N/A","N/A","1.6","69.9","175","177.53","holes","dia","37.5*","23*","Stub-End see Buttwelded Fittings","As Required"
"22","550","N/A","N/A","N/A","N/A","N/A","N/A","N/A","N/A","N/A","N/A","N/A","N/A","N/A","N/A","N/A","22","N/A","N/A","N/A","N/A","N/A","N/A","N/A","N/A","N/A","N/A","N/A","N/A","22","N/A","N/A","N/A","N/A","N/A","N/A","N/A","","N/A","N/A","N/A","N/A","N/A","N/A","0","0","holes","dia","37.5*","23*","Stub-End see Buttwelded Fittings","As Required"
"24","600","915","76.2","702","610","114","159","175","616","692.2","7","749","11.13","77","6","N/A","24","812.8","24","1+3/4","","265","280","47.625","45","282","232","405","","24","616","615.95","12.7","76.2","692.15","11.13","16.66","1.5","119.85","123.96","N/A","N/A","1.6","76.2","182","186.13","holes","dia","37.5*","23*","Stub-End see Buttwelded Fittings","As Required"
